{
  "g_losses": [
    2.0506301660146287,
    1.229558946703797,
    1.3108098976202864,
    1.5486459447376764,
    1.4696703666626518,
    1.431790491315856,
    1.384047048527803,
    1.2309805034701504,
    1.1794172447563998,
    1.3203825637030957,
    1.2285112662991482,
    1.2001054404831644,
    1.204788433526879,
    1.199037426888053,
    1.2717938229664048,
    1.2236464459504655,
    1.2193768805087501,
    1.2168884764411556,
    1.224267140030861,
    1.3973513187757178,
    1.2770249492196895,
    1.241970204817715,
    1.2339532909108633,
    1.2540186372265887,
    1.264274108098514,
    1.275335526733256,
    1.2555947784167618,
    1.2677949691441521,
    1.2651354045565448,
    1.2793862152455457,
    1.2803218189015317,
    1.2997964355927796,
    1.3119455373554088,
    1.320482983073192,
    1.3300398952925383,
    1.3347479451948137,
    1.3662827337410912,
    1.5252525488387292,
    1.4697547265842779,
    1.4535101830069699
  ],
  "d_losses": [
    1.379055083242815,
    1.635511360951324,
    1.485655220586862,
    1.3219798589820293,
    1.3405921512575292,
    1.3098749580667979,
    1.332780604042224,
    1.4025144230073958,
    1.4034763192062947,
    1.3193860374279875,
    1.3624109438995817,
    1.361484326533417,
    1.3605795484870227,
    1.3618055813348116,
    1.321968588811248,
    1.3246577132993669,
    1.327087840927181,
    1.3276906200309297,
    1.3172131029527578,
    1.2498561459690778,
    1.2824043008818555,
    1.2932309881964725,
    1.2887843580388312,
    1.286899209022522,
    1.2750573345084688,
    1.271778726755683,
    1.2758180267775237,
    1.2751008992764488,
    1.2584885759140128,
    1.2604561981870168,
    1.2579240122837807,
    1.2468823968474545,
    1.2431099628334614,
    1.2295963185936658,
    1.2219691961558896,
    1.2255157250076978,
    1.2107006680609576,
    1.1710772105117342,
    1.1693427068973654,
    1.1837104856967926
  ]
}