{
  "n_samples": 3000,
  "top_k": 200,
  "columns": [
    "add_soliton",
    "num_solitons",
    "base_soliton_angle",
    "angle_jitter_deg",
    "shot_photons",
    "read_noise_std",
    "gaussian_sigma",
    "pixel_size",
    "propagation_distance",
    "phase_scale",
    "blend",
    "base_gain_low",
    "base_gain_high",
    "overexposure_prob",
    "overexposure_gain_low",
    "overexposure_gain_high",
    "shift_i",
    "shift_j",
    "shift_prob",
    "soliton_depth",
    "soliton_width_px",
    "fringe_gain",
    "fringe_period_px",
    "fringe_decay_px",
    "fringe_phase",
    "side_antisym",
    "side_antisym_scale_px",
    "diagonal_antisym",
    "diagonal_antisym_scale_px",
    "diagonal_angle_rad",
    "y_fade_px",
    "y_fade_power",
    "disc_real_prob"
  ],
  "quantiles": {
    "num_solitons": {
      "0.05": 0.0,
      "0.5": 1.0,
      "0.95": 2.0
    },
    "base_soliton_angle": {
      "0.05": 0.0,
      "0.5": 0.0,
      "0.95": 0.0
    },
    "angle_jitter_deg": {
      "0.05": 0.9011976718902588,
      "0.5": 0.9451384544372559,
      "0.95": 0.9713686466217041
    },
    "shot_photons": {
      "0.05": 9.0,
      "0.5": 9.0,
      "0.95": 9.0
    },
    "read_noise_std": {
      "0.05": 0.03500000014901161,
      "0.5": 0.03500000014901161,
      "0.95": 0.03500000014901161
    },
    "gaussian_sigma": {
      "0.05": 0.800000011920929,
      "0.5": 0.800000011920929,
      "0.95": 0.800000011920929
    },
    "pixel_size": {
      "0.05": 5.599999894911889e-06,
      "0.5": 5.599999894911889e-06,
      "0.95": 5.599999894911889e-06
    },
    "propagation_distance": {
      "0.05": 0.002966671145986766,
      "0.5": 0.002984496997669339,
      "0.95": 0.0029937174171209336
    },
    "phase_scale": {
      "0.05": 0.8998192369937896,
      "0.5": 0.8999551236629486,
      "0.95": 0.8999906212091446
    },
    "blend": {
      "0.05": 0.8998375445604324,
      "0.5": 0.8999604284763336,
      "0.95": 0.8999919891357422
    },
    "base_gain_low": {
      "0.05": 1.1182013392448424,
      "0.5": 1.1192957162857056,
      "0.95": 1.1197529554367065
    },
    "base_gain_high": {
      "0.05": 1.1185071885585784,
      "0.5": 1.1194249987602234,
      "0.95": 1.1198003828525542
    },
    "overexposure_prob": {
      "0.05": 0.9985598742961883,
      "0.5": 0.9995831847190857,
      "0.95": 0.9998948872089386
    },
    "overexposure_gain_low": {
      "0.05": 1.1200000047683716,
      "0.5": 1.1200000047683716,
      "0.95": 1.1200000047683716
    },
    "overexposure_gain_high": {
      "0.05": 1.4199999570846558,
      "0.5": 1.4199999570846558,
      "0.95": 1.4199999570846558
    },
    "shift_i": {
      "0.05": -0.80125772356987,
      "0.5": -0.6018858551979065,
      "0.95": -0.4239622294902802
    },
    "shift_j": {
      "0.05": -0.8971368193626403,
      "0.5": -0.707326352596283,
      "0.95": -0.5214141309261322
    },
    "shift_prob": {
      "0.05": 1.7748753933233276e-08,
      "0.5": 2.1929520244157175e-07,
      "0.95": 1.936222167842056e-06
    },
    "soliton_depth": {
      "0.05": 0.8200038075447083,
      "0.5": 0.8200189173221588,
      "0.95": 0.8200782030820847
    },
    "soliton_width_px": {
      "0.05": 1.400018924474716,
      "0.5": 1.4001097083091736,
      "0.95": 1.4005298852920531
    },
    "fringe_gain": {
      "0.05": 0.8000092506408691,
      "0.5": 0.8000487089157104,
      "0.95": 0.8002162426710129
    },
    "fringe_period_px": {
      "0.05": 11.000031471252441,
      "0.5": 11.00016975402832,
      "0.95": 11.000771617889404
    },
    "fringe_decay_px": {
      "0.05": 5.127903699874878,
      "0.5": 5.232394456863403,
      "0.95": 5.383235478401184
    },
    "fringe_phase": {
      "0.05": 0.013987760059535503,
      "0.5": 0.015592437237501144,
      "0.95": 0.016958328709006307
    },
    "side_antisym": {
      "0.05": 0.8303323209285736,
      "0.5": 0.8414666056632996,
      "0.95": 0.8466663718223572
    },
    "side_antisym_scale_px": {
      "0.05": 9.0,
      "0.5": 9.0,
      "0.95": 9.0
    },
    "diagonal_antisym": {
      "0.05": -0.3997564077377319,
      "0.5": -0.39916445314884186,
      "0.95": -0.3975581794977188
    },
    "diagonal_antisym_scale_px": {
      "0.05": 15.0,
      "0.5": 15.0,
      "0.95": 15.0
    },
    "diagonal_angle_rad": {
      "0.05": 0.0,
      "0.5": 0.0,
      "0.95": 0.0
    },
    "y_fade_px": {
      "0.05": 25.00016393661499,
      "0.5": 25.000879287719727,
      "0.95": 25.004028415679933
    },
    "y_fade_power": {
      "0.05": 1.899999976158142,
      "0.5": 1.899999976158142,
      "0.95": 1.899999976158142
    },
    "disc_real_prob": {
      "0.05": 0.10185807645320892,
      "0.5": 0.3518541157245636,
      "0.95": 0.7246262907981872
    }
  },
  "best_example": {
    "add_soliton": false,
    "num_solitons": 0,
    "base_soliton_angle": 0.0,
    "angle_jitter_deg": 0.9419416189193726,
    "shot_photons": 9,
    "read_noise_std": 0.03500000014901161,
    "gaussian_sigma": 0.800000011920929,
    "pixel_size": 5.599999894911889e-06,
    "propagation_distance": 0.002986752428114414,
    "phase_scale": 0.8999624848365784,
    "blend": 0.8999618887901306,
    "base_gain_low": 1.1193976402282715,
    "base_gain_high": 1.1194343566894531,
    "overexposure_prob": 0.9996030926704407,
    "overexposure_gain_low": 1.1200000047683716,
    "overexposure_gain_high": 1.4199999570846558,
    "shift_i": -0.6502197980880737,
    "shift_j": -0.6387859582901001,
    "shift_prob": 1.7914570094035298e-07,
    "soliton_depth": 0.8200194835662842,
    "soliton_width_px": 1.4001250267028809,
    "fringe_gain": 0.8000449538230896,
    "fringe_period_px": 11.000161170959473,
    "fringe_decay_px": 5.241110324859619,
    "fringe_phase": 0.015076756477355957,
    "side_antisym": 0.8424074649810791,
    "side_antisym_scale_px": 9.0,
    "diagonal_antisym": -0.39918622374534607,
    "diagonal_antisym_scale_px": 15.0,
    "diagonal_angle_rad": 0.0,
    "y_fade_px": 25.00092315673828,
    "y_fade_power": 1.899999976158142,
    "disc_real_prob": 0.8848174214363098
  }
}